Experiment Description,Zhou et al (2020) identify upregulated genes in prefrontal cortex microglia from Alzheimer's disease patients carrying common TREM2 variants compared with controls. Genes are ranked by log fold change.,Zhou et al (2020) identify upregulated genes in brain microglia from 7-month-old 5XFAD mice compared with wild-type controls. Genes are ranked by log fold change.,Zhou et al (2020) identify downregulated genes in prefrontal cortex microglia from Alzheimer's disease patients carrying common TREM2 variants compared with controls. Genes are ranked by greatest log fold decrease.,Zhou et al (2020) identify downregulated genes in brain microglia from 7-month-old 5XFAD mice compared with wild-type controls. Genes are ranked by greatest log fold decrease.,Mathys et al (2019) identify upregulated genes in prefrontal cortex excitatory neurons from individuals with Alzheimer's disease pathology compared with individuals without pathology. Genes are ranked by log fold change.,Mathys et al (2019) identify downregulated genes in prefrontal cortex excitatory neurons from individuals with Alzheimer's disease pathology compared with individuals without pathology. Genes are ranked by greatest log fold decrease.,Mathys et al (2019) identify upregulated genes in prefrontal cortex astrocytes from individuals with Alzheimer's disease pathology compared with individuals without pathology. Genes are ranked by log fold change.,Mathys et al (2019) identify downregulated genes in prefrontal cortex astrocytes from individuals with Alzheimer's disease pathology compared with individuals without pathology. Genes are ranked by greatest log fold decrease.,Mathys et al (2019) identify upregulated genes in prefrontal cortex oligodendrocytes from individuals with Alzheimer's disease pathology compared with individuals without pathology. Genes are ranked by log fold change.,Mathys et al (2019) identify downregulated genes in prefrontal cortex oligodendrocytes from individuals with Alzheimer's disease pathology compared with individuals without pathology. Genes are ranked by greatest log fold decrease.,Grubman et al (2019) identify upregulated genes in entorhinal cortex inhibitory neurons from Alzheimer's disease patients compared with controls. Genes are ranked by log fold change.,Grubman et al (2019) identify downregulated genes in entorhinal cortex inhibitory neurons from Alzheimer's disease patients compared with controls. Genes are ranked by greatest log fold decrease.,Itzhak et al (2016) identify proteins assigned to lysosomes by spatial proteomic profiling of HeLa cells. Genes with high or very high localization confidence are ranked by estimated whole-cell protein copy number.,Itzhak et al (2016) identify proteins assigned to mitochondria by spatial proteomic profiling of HeLa cells. Genes with high or very high localization confidence are ranked by estimated whole-cell protein copy number.,"Butovsky et al (2014) identify genes enriched in adult mouse microglia compared with neurons, astrocytes and oligodendrocytes. Genes are ranked by the reported fold enrichment.","Hickman et al (2013) identify genes encoding the microglial sensome, a repertoire of proteins that detect environmental signals. Genes are ranked by fold enrichment in adult mouse microglia compared with whole brain.","Lagier-Tourenne et al (2012) identify upregulated genes in the adult mouse brain following antisense-mediated depletion of FUS/TLS, an RNA-binding protein implicated in ALS and frontotemporal dementia. Genes are ranked by fold change from control.","Lagier-Tourenne et al (2012) identify downregulated genes in the adult mouse brain following antisense-mediated depletion of FUS/TLS, an RNA-binding protein implicated in ALS and frontotemporal dementia. Genes are ranked by greatest fold decrease from control.",Bayes et al (2011) identify proteins reproducibly detected in the human neocortical postsynaptic density. Genes are ranked by the total number of unique peptides identified.,"Polymenidou et al (2011) identify upregulated genes in adult mouse striatal tissue following antisense-mediated depletion of TDP-43, an RNA-binding protein implicated in ALS. Genes are ranked by fold change from control.","Polymenidou et al (2011) identify downregulated genes in adult mouse striatal tissue following antisense-mediated depletion of TDP-43, an RNA-binding protein implicated in ALS. Genes are ranked by greatest fold decrease from control.",Behrends et al (2010) identify proteins interacting with the human autophagy machinery under basal conditions. Genes are ranked by their maximum normalized WD score across the 65 bait proteins.,"Behrends et al (2010) identify proteins interacting with the six human LC3/GABARAP family members, which participate in autophagosome formation and cargo recruitment. Genes are ranked by their maximum normalized WD score across these baits.",Cheng et al (2019) perform CRISPR knockout screens to identify genes whose disruption decreases a C9ORF72 poly(GA)-GFP reporter in RPE-1 cells. Genes are ranked by combined casTLE score.,Cheng et al (2019) perform CRISPR knockout screens to identify genes whose disruption increases a C9ORF72 poly(GA)-GFP reporter in RPE-1 cells. Genes are ranked by combined casTLE score.,Potting et al (2018) identify regulators of GFP-PARKIN reporter abundance in HEK293-derived cells using CRISPR knockout screening and individual follow-up. Genes are ranked by their strongest absolute gene score across the day 8 and day 15 screens.,DeJesus et al (2016) perform a genome-wide CRISPR screen to identify genes whose knockout increases GFP-SQSTM1/p62 levels in H4 cells. Genes are ranked by RSA significance score.,DeJesus et al (2016) perform a genome-wide CRISPR screen to identify genes whose knockout decreases GFP-SQSTM1/p62 levels in H4 cells. Genes are ranked by RSA significance score.,Hosp et al (2015) identify proteins interacting with wild-type or Swedish-mutant APP in HEK293T cells. Genes are ranked by the reported number of unique peptides.,Hosp et al (2015) identify proteins interacting with wild-type or Q329Stop-mutant parkin in HEK293T cells. Genes are ranked by the reported number of unique peptides.,"Hasson et al (2013) identify genes affecting parkin recruitment to damaged mitochondria in HeLa cells using genome-wide siRNA screening and reconfirmation. Genes are ranked by the number of active siRNA reagents, with ties resolved by seed-adjusted Z-score.",Orvedahl et al (2011) identify genes required for both viral capsid targeting to autophagosomes and parkin-mediated mitophagy in HeLa cells. Genes are ranked by the second-smallest siRNA p-value in the mitophagy assay.,Freibaum et al (2010) identify proteins associated with TDP-43 in HEK293T cells. Genes are ranked by total spectral counts in the FLAG-TDP-43 immunoprecipitate.
Article Title,Human and mouse single-nucleus transcriptomics reveal TREM2-dependent and TREM2-independent cellular responses in Alzheimer's disease,Human and mouse single-nucleus transcriptomics reveal TREM2-dependent and TREM2-independent cellular responses in Alzheimer's disease,Human and mouse single-nucleus transcriptomics reveal TREM2-dependent and TREM2-independent cellular responses in Alzheimer's disease,Human and mouse single-nucleus transcriptomics reveal TREM2-dependent and TREM2-independent cellular responses in Alzheimer's disease,Single-cell transcriptomic analysis of Alzheimer's disease,Single-cell transcriptomic analysis of Alzheimer's disease,Single-cell transcriptomic analysis of Alzheimer's disease,Single-cell transcriptomic analysis of Alzheimer's disease,Single-cell transcriptomic analysis of Alzheimer's disease,Single-cell transcriptomic analysis of Alzheimer's disease,A single-cell atlas of entorhinal cortex from individuals with Alzheimer's disease reveals cell-type-specific gene expression regulation,A single-cell atlas of entorhinal cortex from individuals with Alzheimer's disease reveals cell-type-specific gene expression regulation,"Global, quantitative and dynamic mapping of protein subcellular localization","Global, quantitative and dynamic mapping of protein subcellular localization",Identification of a unique TGF-ß-dependent molecular and functional signature in microglia,The microglial sensome revealed by direct RNA sequencing,Divergent roles of ALS-linked proteins FUS/TLS and TDP-43 intersect in processing long pre-mRNAs,Divergent roles of ALS-linked proteins FUS/TLS and TDP-43 intersect in processing long pre-mRNAs,"Characterization of the proteome, diseases and evolution of the human postsynaptic density",Long pre-mRNA depletion and RNA missplicing contribute to neuronal vulnerability from loss of TDP-43,Long pre-mRNA depletion and RNA missplicing contribute to neuronal vulnerability from loss of TDP-43,Network organization of the human autophagy system,Network organization of the human autophagy system,CRISPR-Cas9 Screens Identify the RNA Helicase DDX3X as a Repressor of C9ORF72 (GGGGCC)n Repeat-Associated Non-AUG Translation,CRISPR-Cas9 Screens Identify the RNA Helicase DDX3X as a Repressor of C9ORF72 (GGGGCC)n Repeat-Associated Non-AUG Translation,Genome-wide CRISPR screen for PARKIN regulators reveals transcriptional repression as a determinant of mitophagy,Functional CRISPR screening identifies the ufmylation pathway as a regulator of SQSTM1/p62,Functional CRISPR screening identifies the ufmylation pathway as a regulator of SQSTM1/p62,Quantitative interaction proteomics of neurodegenerative disease proteins,Quantitative interaction proteomics of neurodegenerative disease proteins,High-content genome-wide RNAi screens identify regulators of parkin upstream of mitophagy,Image-based genome-wide siRNA screen identifies selective autophagy factors,Global analysis of TDP-43 interacting proteins reveals strong association with RNA splicing and translation machinery
Article Abstract,"Abstract summary (paraphrased): Single-nucleus RNA sequencing compared cellular responses in 5XFAD mice and human Alzheimer's disease tissue, including the effects of TREM2 variation. Mouse data identified disease-associated microglia and a reactive oligodendrocyte population. Human glial responses differed substantially from those in mice and implicated altered immune activity, myelination and metabolic support. TREM2 risk variants were associated with weaker microglial reactive programs, supporting a role for TREM2 while emphasizing species-dependent disease responses.","Abstract summary (paraphrased): Single-nucleus RNA sequencing compared cellular responses in 5XFAD mice and human Alzheimer's disease tissue, including the effects of TREM2 variation. Mouse data identified disease-associated microglia and a reactive oligodendrocyte population. Human glial responses differed substantially from those in mice and implicated altered immune activity, myelination and metabolic support. TREM2 risk variants were associated with weaker microglial reactive programs, supporting a role for TREM2 while emphasizing species-dependent disease responses.","Abstract summary (paraphrased): Single-nucleus RNA sequencing compared cellular responses in 5XFAD mice and human Alzheimer's disease tissue, including the effects of TREM2 variation. Mouse data identified disease-associated microglia and a reactive oligodendrocyte population. Human glial responses differed substantially from those in mice and implicated altered immune activity, myelination and metabolic support. TREM2 risk variants were associated with weaker microglial reactive programs, supporting a role for TREM2 while emphasizing species-dependent disease responses.","Abstract summary (paraphrased): Single-nucleus RNA sequencing compared cellular responses in 5XFAD mice and human Alzheimer's disease tissue, including the effects of TREM2 variation. Mouse data identified disease-associated microglia and a reactive oligodendrocyte population. Human glial responses differed substantially from those in mice and implicated altered immune activity, myelination and metabolic support. TREM2 risk variants were associated with weaker microglial reactive programs, supporting a role for TREM2 while emphasizing species-dependent disease responses.","Abstract summary (paraphrased): Single-nucleus RNA sequencing profiled more than 80,000 nuclei from the prefrontal cortex of 48 people with differing burdens of Alzheimer's disease pathology. Analysis identified cell-type-specific expression changes and pathology-associated cellular subpopulations. Early changes were relatively specific to individual cell types, whereas later changes included shared stress responses. Sex-dependent transcriptional differences and recurrent alterations in myelination-related programs highlighted cellular heterogeneity in the response to Alzheimer's pathology.","Abstract summary (paraphrased): Single-nucleus RNA sequencing profiled more than 80,000 nuclei from the prefrontal cortex of 48 people with differing burdens of Alzheimer's disease pathology. Analysis identified cell-type-specific expression changes and pathology-associated cellular subpopulations. Early changes were relatively specific to individual cell types, whereas later changes included shared stress responses. Sex-dependent transcriptional differences and recurrent alterations in myelination-related programs highlighted cellular heterogeneity in the response to Alzheimer's pathology.","Abstract summary (paraphrased): Single-nucleus RNA sequencing profiled more than 80,000 nuclei from the prefrontal cortex of 48 people with differing burdens of Alzheimer's disease pathology. Analysis identified cell-type-specific expression changes and pathology-associated cellular subpopulations. Early changes were relatively specific to individual cell types, whereas later changes included shared stress responses. Sex-dependent transcriptional differences and recurrent alterations in myelination-related programs highlighted cellular heterogeneity in the response to Alzheimer's pathology.","Abstract summary (paraphrased): Single-nucleus RNA sequencing profiled more than 80,000 nuclei from the prefrontal cortex of 48 people with differing burdens of Alzheimer's disease pathology. Analysis identified cell-type-specific expression changes and pathology-associated cellular subpopulations. Early changes were relatively specific to individual cell types, whereas later changes included shared stress responses. Sex-dependent transcriptional differences and recurrent alterations in myelination-related programs highlighted cellular heterogeneity in the response to Alzheimer's pathology.","Abstract summary (paraphrased): Single-nucleus RNA sequencing profiled more than 80,000 nuclei from the prefrontal cortex of 48 people with differing burdens of Alzheimer's disease pathology. Analysis identified cell-type-specific expression changes and pathology-associated cellular subpopulations. Early changes were relatively specific to individual cell types, whereas later changes included shared stress responses. Sex-dependent transcriptional differences and recurrent alterations in myelination-related programs highlighted cellular heterogeneity in the response to Alzheimer's pathology.","Abstract summary (paraphrased): Single-nucleus RNA sequencing profiled more than 80,000 nuclei from the prefrontal cortex of 48 people with differing burdens of Alzheimer's disease pathology. Analysis identified cell-type-specific expression changes and pathology-associated cellular subpopulations. Early changes were relatively specific to individual cell types, whereas later changes included shared stress responses. Sex-dependent transcriptional differences and recurrent alterations in myelination-related programs highlighted cellular heterogeneity in the response to Alzheimer's pathology.","Abstract summary (paraphrased): Single-nucleus RNA sequencing of entorhinal cortex from six Alzheimer's disease cases and six controls resolved disease-associated expression changes across neural cell populations. APOE regulation differed among astrocyte, oligodendrocyte precursor and microglial subpopulations. Analysis of transcription factor networks linked these cellular states to disease-risk genes, including a lysosomal regulatory program in astrocytes. The study provided a regional reference for investigating cell-specific mechanisms of Alzheimer's disease.","Abstract summary (paraphrased): Single-nucleus RNA sequencing of entorhinal cortex from six Alzheimer's disease cases and six controls resolved disease-associated expression changes across neural cell populations. APOE regulation differed among astrocyte, oligodendrocyte precursor and microglial subpopulations. Analysis of transcription factor networks linked these cellular states to disease-risk genes, including a lysosomal regulatory program in astrocytes. The study provided a regional reference for investigating cell-specific mechanisms of Alzheimer's disease.","Abstract summary (paraphrased): Dynamic Organellar Maps combined subcellular fractionation with quantitative mass spectrometry to assign proteins to cellular compartments. A HeLa-cell resource integrated localization predictions with abundance estimates for more than 8,700 proteins. The method also detected redistribution of proteins after EGF stimulation. By distinguishing protein movement from changes in abundance, the study provided a scalable framework for investigating organelle composition and regulated intracellular trafficking.","Abstract summary (paraphrased): Dynamic Organellar Maps combined subcellular fractionation with quantitative mass spectrometry to assign proteins to cellular compartments. A HeLa-cell resource integrated localization predictions with abundance estimates for more than 8,700 proteins. The method also detected redistribution of proteins after EGF stimulation. By distinguishing protein movement from changes in abundance, the study provided a scalable framework for investigating organelle composition and regulated intracellular trafficking.",Abstract summary (paraphrased): Gene expression profiling and quantitative proteomics distinguished microglia from peripheral myeloid cells and other neural cell populations. The resulting signature included markers of microglial identity that were poorly maintained in established cell lines and were absent from recruited monocytes. Related features were detected in human microglia. Experiments with cultured cells and genetically altered mice implicated TGF-beta signaling in establishing and maintaining the characteristic microglial program.,"Abstract summary (paraphrased): Direct RNA sequencing characterized microglia from adult and aged mice and compared their expression profiles with whole brain and peripheral macrophages. The study defined a microglial sensome containing receptors and other proteins that detect environmental signals. Aging altered this repertoire, reducing some endogenous-ligand recognition programs while increasing microbial recognition and host-defense programs. Complementary protein and RNA assays supported the distinctive molecular identity of microglia.",Abstract summary (paraphrased): Mapping RNA interactions of FUS/TLS showed extensive binding to nascent transcripts in mouse and human brain. Depletion experiments revealed broad effects on RNA abundance and splicing that were largely distinct from those caused by TDP-43 loss. A smaller shared group included long-intron transcripts important for neuronal function. Related changes in human neuronal models and ALS tissue supported a common contribution of impaired RNA processing to motor neuron vulnerability.,Abstract summary (paraphrased): Mapping RNA interactions of FUS/TLS showed extensive binding to nascent transcripts in mouse and human brain. Depletion experiments revealed broad effects on RNA abundance and splicing that were largely distinct from those caused by TDP-43 loss. A smaller shared group included long-intron transcripts important for neuronal function. Related changes in human neuronal models and ALS tissue supported a common contribution of impaired RNA processing to motor neuron vulnerability.,"Abstract summary (paraphrased): Proteomic analysis of postsynaptic density preparations from human neocortex identified 1,461 proteins. Linking these proteins to human genetics revealed associations with numerous neurological and psychiatric disorders. Evolutionary analysis showed strong conservation of the postsynaptic machinery across mammals, particularly for highly connected proteins. The study established a reference human synaptic proteome for examining how disease-associated mutations affect cognition, behavior and nervous system function.","Abstract summary (paraphrased): TDP-43 binding sites were mapped across thousands of brain transcripts using CLIP-seq. Antisense-mediated depletion of TDP-43 in adult mice changed transcript abundance and splicing, including RNAs associated with neurodegenerative disease. Transcripts most sensitive to depletion often arose from genes with unusually long introns and functions at synapses. The work also identified a mechanism of TDP-43 autoregulation, connecting loss of this RNA-binding protein to disrupted neuronal RNA processing.","Abstract summary (paraphrased): TDP-43 binding sites were mapped across thousands of brain transcripts using CLIP-seq. Antisense-mediated depletion of TDP-43 in adult mice changed transcript abundance and splicing, including RNAs associated with neurodegenerative disease. Transcripts most sensitive to depletion often arose from genes with unusually long introns and functions at synapses. The work also identified a mechanism of TDP-43 autoregulation, connecting loss of this RNA-binding protein to disrupted neuronal RNA processing.","Abstract summary (paraphrased): Affinity purification and mass spectrometry mapped a human autophagy network comprising 751 interactions and 409 candidate partner proteins. The network connected established autophagy machinery with proteins involved in membrane transport, phosphorylation and ubiquitin signaling. The six human LC3/GABARAP family members shared many binding partners. Follow-up RNA interference experiments showed that several newly identified components influence autophagosome formation or turnover, providing a resource for investigating cellular protein quality control.","Abstract summary (paraphrased): Affinity purification and mass spectrometry mapped a human autophagy network comprising 751 interactions and 409 candidate partner proteins. The network connected established autophagy machinery with proteins involved in membrane transport, phosphorylation and ubiquitin signaling. The six human LC3/GABARAP family members shared many binding partners. Follow-up RNA interference experiments showed that several newly identified components influence autophagosome formation or turnover, providing a resource for investigating cellular protein quality control.",Abstract summary (paraphrased): Genome-wide CRISPR knockout screens identified genes that modify production of dipeptide-repeat proteins from expanded C9ORF72 repeats. Follow-up work showed that the RNA helicase DDX3X binds repeat RNA and represses repeat-associated non-AUG translation. Increasing DDX3X reduced dipeptide-repeat protein levels and improved survival in patient-derived neurons. The study connected an unbiased reporter screen to mechanistic and disease-model validation of a regulator relevant to ALS and frontotemporal dementia.,Abstract summary (paraphrased): Genome-wide CRISPR knockout screens identified genes that modify production of dipeptide-repeat proteins from expanded C9ORF72 repeats. Follow-up work showed that the RNA helicase DDX3X binds repeat RNA and represses repeat-associated non-AUG translation. Increasing DDX3X reduced dipeptide-repeat protein levels and improved survival in patient-derived neurons. The study connected an unbiased reporter screen to mechanistic and disease-model validation of a regulator relevant to ALS and frontotemporal dementia.,"Abstract summary (paraphrased): A genome-wide CRISPR knockout screen identified genes controlling a GFP-PARKIN reporter expressed from the PARK2 promoter. Individual testing produced a set of positive and negative regulators. A transcriptional repressor network that included THAP11 restrained endogenous PARKIN expression. Removing this repression increased PARKIN-dependent mitochondrial damage signaling, including in induced neurons. The work established protein abundance as an important determinant of the mitophagy response.",Abstract summary (paraphrased): Pooled CRISPR screens in human neuroglioma cells identified regulators of the autophagy receptor SQSTM1/p62 and recovered known autophagy and MTOR-pathway components. Comparisons with RNA interference demonstrated improved screening performance with CRISPR. Follow-up experiments linked disruption of the ufmylation pathway to altered endoplasmic reticulum homeostasis and increased SQSTM1 expression. The study showed how reporter-based genetic screening can reveal both degradative and transcriptional control of a proteostasis factor.,Abstract summary (paraphrased): Pooled CRISPR screens in human neuroglioma cells identified regulators of the autophagy receptor SQSTM1/p62 and recovered known autophagy and MTOR-pathway components. Comparisons with RNA interference demonstrated improved screening performance with CRISPR. Follow-up experiments linked disruption of the ufmylation pathway to altered endoplasmic reticulum homeostasis and increased SQSTM1 expression. The study showed how reporter-based genetic screening can reveal both degradative and transcriptional control of a proteostasis factor.,"Abstract summary (paraphrased): Quantitative affinity purification mapped interaction partners of APP, presenilin-1, huntingtin, parkin and ataxin-1. Comparisons of wild-type and disease-associated variants identified interactions affected by pathogenic mutations. Follow-up assays and a fly toxicity screen supported the biological relevance of selected partners. The study linked an Alzheimer-associated APP variant to stronger interaction with LRPPRC and mitochondrial dysfunction, illustrating how differential interaction mapping can reveal disease mechanisms.","Abstract summary (paraphrased): Quantitative affinity purification mapped interaction partners of APP, presenilin-1, huntingtin, parkin and ataxin-1. Comparisons of wild-type and disease-associated variants identified interactions affected by pathogenic mutations. Follow-up assays and a fly toxicity screen supported the biological relevance of selected partners. The study linked an Alzheimer-associated APP variant to stronger interaction with LRPPRC and mitochondrial dysfunction, illustrating how differential interaction mapping can reveal disease mechanisms.","Abstract summary (paraphrased): High-content RNA interference screens identified genes affecting recruitment of parkin to damaged mitochondria. Follow-up experiments established a role for TOMM7 in retaining PINK1 on the outer mitochondrial membrane and identified opposing effects of HSPA1L and BAG4 on parkin recruitment. The study combined genome-wide screening, analysis of siRNA off-target effects and mechanistic validation to investigate early steps in mitochondrial quality control relevant to Parkinson disease.",Abstract summary (paraphrased): An image-based genome-wide siRNA screen identified factors needed to deliver viral capsids to autophagosomes. Follow-up assays revealed substantial overlap with genes required for parkin-mediated removal of damaged mitochondria. Experiments on SMURF1 implicated its C2 domain in selective autophagy of viruses and mitochondria. The study connected pathogen clearance and mitochondrial quality control through shared cellular machinery while distinguishing these processes from starvation-induced autophagy.,"Abstract summary (paraphrased): Affinity purification and mass spectrometry identified proteins associated with TDP-43 in human cells. The interaction network connected TDP-43 to nuclear RNA splicing factors and cytoplasmic translation machinery, supporting roles in several stages of RNA metabolism. Follow-up experiments examined selected interactions and stress-granule localization. The work provided an early proteomic reference for investigating how an ALS- and frontotemporal dementia-associated RNA-binding protein participates in cellular RNA processing."
Tissue Source,"Human Prefrontal Cortex, Microglia","Mouse Brain, Microglia","Human Prefrontal Cortex, Microglia","Mouse Brain, Microglia","Human Prefrontal Cortex, Excitatory Neurons","Human Prefrontal Cortex, Excitatory Neurons","Human Prefrontal Cortex, Astrocytes","Human Prefrontal Cortex, Astrocytes","Human Prefrontal Cortex, Oligodendrocytes","Human Prefrontal Cortex, Oligodendrocytes","Human Entorhinal Cortex, Inhibitory Neurons","Human Entorhinal Cortex, Inhibitory Neurons",Human HeLa Cells,Human HeLa Cells,"Mouse Brain, Microglia","Mouse Brain, Microglia",Mouse Brain,Mouse Brain,"Human Neocortex, Postsynaptic Density",Mouse Striatum and Adjacent Cortex,Mouse Striatum and Adjacent Cortex,Human HEK293T Cells,Human HEK293T Cells,Human RPE-1 Cells,Human RPE-1 Cells,Human HEK293-derived JumpIN TI 293 Cells,Human H4 Neuroglioma Cells,Human H4 Neuroglioma Cells,Human HEK293T Cells,Human HEK293T Cells,Human HeLa Cells,Human HeLa Cells,Human HEK293T Cells
Experiment Method,snRNA Seq,snRNA Seq,snRNA Seq,snRNA Seq,snRNA Seq,snRNA Seq,snRNA Seq,snRNA Seq,snRNA Seq,snRNA Seq,snRNA Seq,snRNA Seq,Subcellular Fractionation LC-MS/MS,Subcellular Fractionation LC-MS/MS,NanoString nCounter,Direct RNA Seq,RNA Seq,RNA Seq,LC-MS/MS,RNA Seq,RNA Seq,Co-IP LC-MS/MS,Co-IP LC-MS/MS,CRISPR-Cas9 Screen,CRISPR-Cas9 Screen,CRISPR-Cas9 Screen,CRISPR-Cas9 Screen,CRISPR-Cas9 Screen,SILAC Co-IP LC-MS/MS,SILAC Co-IP LC-MS/MS,High-content siRNA Screen,High-content siRNA Screen,Co-IP LC-MS/MS
Data Source,"Supplemental Table 4, Micro sheet, AD_vs_C comparison. Bonferroni-adjusted p_val_adj < 0.05 and absolute avg_logFC > 0.5; rank by avg_logFC within the stated direction. 49 qualifying unique genes; remaining ranks blank.","Supplemental Table 1, Cluster 7 sheet, WT 5XFAD vs WT comparison. Bonferroni-adjusted p_val_adj < 0.05 and absolute avg_logFC > 0.5; rank by avg_logFC within the stated direction. 71 qualifying unique genes; remaining ranks blank.","Supplemental Table 4, Micro sheet, AD_vs_C comparison. Bonferroni-adjusted p_val_adj < 0.05 and absolute avg_logFC > 0.5; rank by avg_logFC within the stated direction. 47 qualifying unique genes; remaining ranks blank.","Supplemental Table 1, Cluster 7 sheet, WT 5XFAD vs WT comparison. Bonferroni-adjusted p_val_adj < 0.05 and absolute avg_logFC > 0.5; rank by avg_logFC within the stated direction. 12 qualifying unique genes; remaining ranks blank.","Supplemental Table 2, Ex sheet, columns A-I. Corrected publisher table; DEGs.Ind.Mix.models = TRUE. Rank by IndModel.FC within the stated direction.","Supplemental Table 2, Ex sheet, columns A-I. Corrected publisher table; DEGs.Ind.Mix.models = TRUE. Rank by IndModel.FC within the stated direction.","Supplemental Table 2, Ast sheet, columns A-I. Corrected publisher table; DEGs.Ind.Mix.models = TRUE. Rank by IndModel.FC within the stated direction. 37 qualifying unique genes; remaining ranks blank.","Supplemental Table 2, Ast sheet, columns A-I. Corrected publisher table; DEGs.Ind.Mix.models = TRUE. Rank by IndModel.FC within the stated direction. 32 qualifying unique genes; remaining ranks blank.","Supplemental Table 2, Oli sheet, columns A-I. Corrected publisher table; DEGs.Ind.Mix.models = TRUE. Rank by IndModel.FC within the stated direction.","Supplemental Table 2, Oli sheet, columns A-I. Corrected publisher table; DEGs.Ind.Mix.models = TRUE. Rank by IndModel.FC within the stated direction. 71 qualifying unique genes; remaining ranks blank.","Source Data Extended Data Fig. 7, panels a sheet. FDR_In < 0.01 and absolute logFC_In > 0.5, following the figure caption. Rank by logFC_In within the stated direction.","Source Data Extended Data Fig. 7, panels a sheet. FDR_In < 0.01 and absolute logFC_In > 0.5, following the figure caption. Rank by logFC_In within the stated direction. 87 qualifying unique genes; remaining ranks blank.","Supplemental file 1, Compact HeLa Spatial Proteome sheet. Lysosome prediction with High or Very High confidence; descending Estimated Copy number per cell. Lead gene symbols retained. 61 qualifying unique genes; remaining ranks blank.","Supplemental file 1, Compact HeLa Spatial Proteome sheet. Mitochondrion prediction with High or Very High confidence; descending Estimated Copy number per cell. Lead gene symbols retained.","Supplemental Table 2, 152 microglia enriched genes sheet. Descending Fold Change within the authors' microglial gene panel.","Supplemental Table 1, PDF pages 8-16. Descending Enrichment Fold M/B. Original symbols retained; descriptive labels without a single gene symbol excluded and duplicate genes collapsed. 96 qualifying unique genes; remaining ranks blank.","Supplemental Table 3, PDF pages 33-43. Descending KD/control ratio; strongest record per gene. Accession-only records excluded.","Supplemental Table 2, PDF pages 19-32. Ascending KD/control ratio; strongest record per gene. Accession-only records excluded.","Supplemental Table 2. Consensus hPSD = YES and Unambiguously Detected = YES. Ranking measures peptide detection depth, not protein abundance.","Supplemental Table 1, PDF pages 13-17. Descending KD/control ratio; strongest record per gene. Accession-only records excluded.","Supplemental Table 2, PDF pages 18-21. Ascending KD/control ratio; strongest record per gene. Accession-only records excluded.","Supplemental Table 2, HCIPs sheet. High-confidence interactors pooled across all baits; highest NormWD-Score retained per gene.","Supplemental Table 2, HCIPs sheet. MAP1LC3A, MAP1LC3B, MAP1LC3C, GABARAP, GABARAPL1 and GABARAPL2 baits; highest NormWD-Score retained per gene. 67 qualifying unique genes; remaining ranks blank.","Table S1, GFP-low section. Authors combined-screen 10% FDR candidates, ranked by descending Combo casTLE Score. SFR1 excluded because its reported effect sign conflicts with the section heading. This is a reporter-production screen, not a toxicity screen. 75 unique genes; remaining ranks blank.","Table S1, GFP-high section. Authors combined-screen 10% FDR candidates, ranked by descending Combo casTLE Score. This is a reporter-production screen, not a toxicity screen.",Dataset S2. Authors 53-gene follow-up list; maximum absolute Gene score across four time/direction sheets. Includes both increased and decreased reporter abundance. PACRG excluded as a reporter-promoter artifact; LOC648044 excluded because no primary-score symbol matched. 51 unique genes; remaining ranks blank.,"Figure 2 source data 1, GFP high versus GFP low sheet. Positive Log2 FC (MAX) and RSA < -3 (curation cutoff); ascending RSA. Reporter abundance can reflect expression or turnover and does not directly measure autophagic flux.","Figure 2 source data 1, GFP low versus GFP high sheet. Positive Log2 FC (MAX) and RSA < -3 (curation cutoff); ascending RSA. Reporter abundance can reflect expression or turnover and does not directly measure autophagic flux.","Supplemental Table S1, APP sheet. Published partner set pooled across APP-WT and APP-K670N/M671L; APP bait excluded. Descending unique peptides, with source order for ties. Authors representative Protein ID symbols retained for protein groups. 39 unique genes; remaining ranks blank.","Supplemental Table S1, PARK2 sheet. Published partner set pooled across PARK2-WT and PARK2-Q329Stop; PARK2 bait excluded. Descending unique peptides, with source order for ties. Authors representative Protein ID symbols retained for protein groups. 80 unique genes; remaining ranks blank.","Supplementary Table 7. All 67 reconfirmed candidates. Descending Total Active siRNAs, then descending seed-adjusted Z-score, following the source ranking. Active counts include primary and confirmatory reagents. 67 unique genes; remaining ranks blank.","Supplementary Tables 7 and 8. Table 8 defines 96 shared hits (C >= 2 and M >= 2). Entrez-ID join retains Table 8 symbols. Ascending second-smallest printed mitophagy siRNA p-value from Table 7; this is a curated ranking, not a combined gene-level p-value. 96 unique genes; remaining ranks blank.","Table 1. Published enriched proteins; TARDBP bait excluded. Descending Total Spectra: FLAG IP, with source order for ties. Ranking reflects spectral detection, not binding affinity. Parenthetical aliases removed."
Journal,Nature Medicine,Nature Medicine,Nature Medicine,Nature Medicine,Nature,Nature,Nature,Nature,Nature,Nature,Nature Neuroscience,Nature Neuroscience,eLife,eLife,Nature Neuroscience,Nature Neuroscience,Nature Neuroscience,Nature Neuroscience,Nature Neuroscience,Nature Neuroscience,Nature Neuroscience,Nature,Nature,Neuron,Neuron,PNAS,eLife,eLife,Cell Reports,Cell Reports,Nature,Nature,Journal of Proteome Research
Article Link,https://www.nature.com/articles/s41591-019-0695-9,https://www.nature.com/articles/s41591-019-0695-9,https://www.nature.com/articles/s41591-019-0695-9,https://www.nature.com/articles/s41591-019-0695-9,https://www.nature.com/articles/s41586-019-1195-2,https://www.nature.com/articles/s41586-019-1195-2,https://www.nature.com/articles/s41586-019-1195-2,https://www.nature.com/articles/s41586-019-1195-2,https://www.nature.com/articles/s41586-019-1195-2,https://www.nature.com/articles/s41586-019-1195-2,https://www.nature.com/articles/s41593-019-0539-4,https://www.nature.com/articles/s41593-019-0539-4,https://doi.org/10.7554/elife.16950,https://doi.org/10.7554/elife.16950,https://www.nature.com/articles/nn.3599,https://www.nature.com/articles/nn.3554,https://www.nature.com/articles/nn.3230,https://www.nature.com/articles/nn.3230,https://www.nature.com/articles/nn.2719,https://www.nature.com/articles/nn.2779,https://www.nature.com/articles/nn.2779,https://www.nature.com/articles/nature09204,https://www.nature.com/articles/nature09204,https://doi.org/10.1016/j.neuron.2019.09.003,https://doi.org/10.1016/j.neuron.2019.09.003,https://doi.org/10.1073/pnas.1711023115,https://doi.org/10.7554/elife.17290,https://doi.org/10.7554/elife.17290,https://doi.org/10.1016/j.celrep.2015.04.030,https://doi.org/10.1016/j.celrep.2015.04.030,https://doi.org/10.1038/nature12748,https://doi.org/10.1038/nature10546,https://doi.org/10.1021/pr901076y
Rank 1,CHI3L1,Csf1,SLC11A1,Ptgds,MTRNR2L8,MSLNL,NPNT,SCUBE3,MRPS6,RGS4,LINGO1,CXCL14,LAMTOR5,HSPE1,P2ry12,Fcgr3,Slco1b2,Prlr,SPTAN1,Ifit1,Tcba1,GDI2,MAP1B,NXT1,SRRD,SMCHD1,ATG7,CCNC,LRPPRC,EEF2,UBL5,PGK2,RPS3
Rank 2,SOCS6,Cst7,S100A8,Crybb1,MTRNR2L3,RBP5,GPS2,HTATSF1,MID1IP1,CALY,HSPA1A,CCK,CD63,HSPD1,Tmem119,Trem2,Cbln4,Fus,PLEC1,Oasl2,Tardbp,KBTBD6,FYCO1,AMBRA1,ACTB,THAP11,ATG5,MED12,RPL10A,HSPD1,PINK1,RIMS3,NCL
Rank 3,ZFP36L2,Apoe,HAMP,P2ry12,MTRNR2L12,APOBEC4,CSF1,RP11-156P1.2,GUCY1A2,BEX5,CRYAB,DLX6-AS1,LAMP1,SLC25A5,Olfml3,Slc2a5,Zfp457,Tnfrsf25,SPTBN1,Ifi27,Csmd1,C14orf103,WDR62,DPH6,CUL3,SIAH1,WIPI2,RHEB,RPLP0,ENO1,UBE2J2,ZNF593,PABPC1
Rank 4,P2RY12,Ank,FTH1,Selplg,GFAP,ZFP37,KAT8,STMN1,TRIM47,SNCG,SPP1,RELN,CTSZ,HSPA9,P2ry13,Gpr84,Bfsp1,Kcnip4,SPTB,Usp18,Park2,GDI1,FNBP1,SETD1B,EIF2S3,FBXW7,RB1CC1,MTOR,VDAC1,CCT2,NKAP,KRCC1,HSPA8
Rank 5,MT-ND3,Myo1e,BCL2A1,Stab1,AC006538.4,HSD11B1,HVCN1,RLBP1,SLITRK5,SH3GL2,GFAP,CNR1,LAMTOR1,PHB2,Cx3cr1,Fcer1g,3110049J23Rik,C030017K20Rik,MYH10,5830458K16Rik,Cadps,SH3GLB2,TBC1D15,NXF1,EIF3L,BRD1,RAB1A,CDC42,DHCR24,PKM2,HHAT,SNRPB,DHX9
Rank 6,RP11-693J15.5,Lpl,SLC2A3,Tmem119,DHFR,EPHX2,SYTL4,DIO2,RAMP1,NRGN,BOK,UTY,CTSC,MDH2,Gpr34,Slamf9,Cd200r1,Stac3,ANK2,Ifit3,Sdk1,MAP1B,NSMAF,ENY2,LIF,OTUD5,ATG3,GNAS,NSFL1C,FASN,GPR26,LOC387849,HIST1H1D
Rank 7,RP11-552D4.1,Baiap2l2,TYMP,Ccr5,ELK1,SNCG,SYNM,TMEM241,GPS2,MLLT11,NEAT1,NKAIN2,GGH,PHB,Hexb,Cd37,Col22a1,Otx2,MYH9,Cd5l,Nrg3,CAB39,MAP1A,DET1,EIF5,SUPT20H,SBDS,CSNK2A1,VDAC3,CCT1,BAP1,ZCCHC17,HSPA1A
Rank 8,MAF,Lilrb4a,GLUL,Slc40a1,HRH3,HSPB3,COL27A1,TRMT10B,SLC38A2,GNG3,XIST,CADPS2,HEXB,ATP5B,Rhob,Cd180,H3f3a,Krt18,DYNC1H1,Tgm1,2900006F19Rik,LYK5,PIK3CG,POLR2I,SRPRB,THAP12,UFSP2,XPOT,TOMM40,CCT8,ATG13,SLC35C1,HNRNPU
Rank 9,SELPLG,Hif1a,IL1B,Maf,SLC26A3,IL18,SLC38A2,LRRC7,GPC5,RAB3A,QDPR,PDE1A,NPC2,VDAC2,Jun,Cd53,Nrn1l,Col8a2,MYO5A,Cybb,Kcnk4,FYCO1,PI4KII,DPH2,SERBP1,ELAVL1,DPH1,AP2S1,SLIRP,NCL,MYBPC1,PFKP,ILF3
Rank 10,CX3CR1,Cd74,IFI44L,Ltc4s,RASGEF1B,FBF1,RGS6,VSNL1,METTL7A,GAP43,HSPB1,RP11-649A16.1,IFITM3,ATP5A1,Rab3il1,Cd84,Cd200r4,Lcn2,SPTBN2,Rsad2,Folr1,VPRBP,NCOA7,XPOT,HSD17B12,INTS6,CCDC130,SMARCB1,MOV10,PSMD2,TOMM7,MAP1A,DHX30
Rank 11,A2M,Igf1,IFITM3,Lrba,FZD1,CBY3,PLCE1,KCNIP4,TRIM28,SNAP25,MT3,TTTY14,CTSB,VDAC1,Serpine2,Adora3,Cyp4f18,Ndst4,CLTC,Sn,Chat,WDR62,KIAA0329,UQCC2,CDC123,TFDP1,UFC1,STAU1,NIP7,HSP90AA1,UBE2L3,NTHL1,RPS9
Rank 12,CXCL12,Apbb2,RHOB,Penk,DRD1,DUSP6,COLGALT2,FAM229B,IFNGR1,STMN2,NDRG1,AC005592.2,CTSD,PRDX3,Ccl2,P2ry13,Cd300lf,Smyd3,DNM1,Slfn9,Car10,TSC1,KBTBD7,DHX30,TSR1,MED13,UBA5,SLTM,TM9SF3,PGK1,GPHA2,AKR1E2,RPL7A
Rank 13,SORL1,Etl4,XIST,,DUSP8,TNFRSF18,ADAMTSL3,RPL15,RPS27,TMEM178B,MT-ATP6,LSAMP-AS1,HEXA,SHMT2,Fcrls,Gpr34,1110032A04Rik,1500015O10Rik,BSN,Gbp2,Lrp1b,NAPA,TBC1D2B,THAP12,EIF3K,MED24,ATG9A,TFAP4,MGST3,ALDOA,ABLIM3,MYLK,HNRNPA2B1
Rank 14,APOE,Ctsd,ODF3B,,RASD2,CD3EAP,RPL30,SF1,LHFPL3,SNAPC1,MT-ND4,SLC6A1-AS1,GPRC5A,TUFM,Scoc,Ccr5,Ang,Pkd2l1,HK1,C3,Slc17a8,RABGAP1L,ATG7,ACTR6,TERF2,TRIP12,ORAOV1,CSNK2B,ARF5,CCT3,ITGAX,FAM13B,HNRNPC
Rank 15,BCO2,Itgax,ZFP36,,ADAMTS2,NR4A1,RHPN1,IL1RAPL1,KCTD4,GPM6A,HSPA1B,TRPM3,LAMTOR2,COX4I1,Siglech,P2ry12,C030019I05Rik,Trim72,MACF1,Slfn8,Ctnna2,BTBD8,DOCK1,PSMD11,SMG7,WDR82,ULK1,FCHO2,ARL2,CCT4,GLS2,MAP2K1,IGF2BP1
Rank 16,RTTN,Cacna1a,SNAP25,,EEF1A2,MYO1E,VCAN,PEX5L,FANCC,RP11-403P17.5,CNTN2,IL1RAPL2,GBA,FH,Slc2a5,Ly86,Il12a,Park2,NEFM,Bst2,Clstn2,NAPG,DYX1C1,DTL,RPS3A,OXSM,ATMIN,RPP21,COX15,GAPDH,HES1,ASB2,DDX5
Rank 17,ATG16L2,Lyz2,S100A9,,MT2A,TIMP3,NR2F1,SEPT11,IRS2,GPR137B,BCYRN1,CDH12,PPT1,ECHS1,Lrrc3,Tmem119,Kcnab3,MMET-1,NEFL,Cd300lf,Kl,STK4,KBTBD6,CCND1,SMC2,CBLL1,UPF1,TRIAP1,SIGMAR1,HNRNPA2B1,ATPBD4,MYOM1,RPS18
Rank 18,PLD4,Cd9,MT2A,,SNPH,HLA-DQB1,GFAP,CIRBP,MYO10,DLGAP1,BCOR,NLGN4Y,CTSA,ETFA,Plxdc2,Fcgr1,Spink10,Dlk1,MAP1B,Trim30,Sgcz,NRBF2,ATG4B,THOC5,EIF2S1,DHX36,ZZZ3,ACTB,ZBTB10,HSP90AB1,ECAT8,C1orf223,RPSA
Rank 19,TIAM1,Ctsb,GAPDH,,PDZD4,HIPK4,ZFP36L1,SMURF2,SLC35B2,ARSI,MT-CO2,RALYL,IFI30,GOT2,Usp2,Il21r,Psrc1,Cpt1b,MYH14,Gbp1,Sntg1,MAP1S,KIAA0404,THOC3,KCTD10,MEAF6,HSPA14,EIF1,CHTOP,HSP90B1,IL9R,SLC35B3,RPL6
Rank 20,HLA-DRA,Ccl6,PIM1,,GRIN1,CTD-2369P2.10,PLEC,MAP2K4,SLC6A15,KIAA0895L,AEBP1,VIP,SCARB2,HSD17B10,Ctsf,Ltf,Igf1,Pip5k1b,ANK1,Cxcl5,4930431L04Rik,PRKAB2,RAB3GAP1,PRMT5,TRAF3IP3,KAT7,UPF3B,RBBP5,EBP,LDHA,PSMD8,ATP1B1,DDX21
Rank 21,CPED1,Oasl2,VMP1,,LINGO1,NEURL2,HP1BP3,GRM3,LGALS3BP,SPARCL1,GPRC5B,SST,LAMP2,CPS1,Cttnbp2nl,Itgb2,Serpinb8,Gpr101,GFAP,Stat1,Sostdc1,GSK3B,PIK3C3,MOCS3,ETF1,PDS5B,BRD4,SAMM50,FADS2,LDHB,UBE2D3,MDH1,MSI2
Rank 22,MT-CYB,Olfr111,SCO2,,MAF,TIMM10,AHNAK,CNTNAP2,PIM3,SYT1,MBP,USP9Y,GNS,SLIRP,Tgfbr1,Lag-3,Nt5c1a,Slc2a12,VIM,Plscr2,Kirrel2,PIK3C3,GENX-3414,TET2,ACTG1,NCBP2,ATG14,PGGT1B,KDELR2,RUVBL2,RNASE2,C11orf41,PRSS3
Rank 23,IGSF6,Cd63,UCHL1,,CASKIN1,PDE6B,NPAS2,CABLES1,ITPKB,SNAI3,MT-CYB,ROBO2,DNASE2,LRPPRC,Atp8a2,Dap12,Prdm8,4930412F15Rik,INA,Cd44,Adcy2,C2orf37,NEK9,PSMA6,METTL3,INTS12,IPO11,AMBRA1,RPL26L1,TKT,OR13C4,SNRPD1,LARP1
Rank 24,IL6ST,Tnfsf8,MYO1G,,JUND,BCO1,PLEKHA5,JARID2,RBM48,EML1,NDRG2,PCDH11Y,LAMTOR4,SLC25A3,Lgmn,Tlr2,Ms4a7,Clcn1,ANK3,Apoc1,Kcnd2,VPS33A,NEDD4,DCTN1,HSCB,TAF5L,SRRD,INO80E,C4B,MTHFD1,TSGA13,KCNK3,HNRNPA1
Rank 25,ITM2B,Usp12,SPP1,,QRICH2,SCUBE3,MRAS,RALGAPA2,DBI,SLC25A29,DNAJB1,KCNIP4,LAMTOR3,SSBP1,Slco2b1,Cd14,Gadd45a,Calml4,CNP,AI451617,Efna5,PIK3R4,LOC727737,DPH5,UBA2,UBE4B,BCAS3,GSPT1,CCHCR1,TUFM,WDR46,ACTRT1,MOV10
Rank 26,ATM,Lgals3bp,DDIT4,,MLST8,NEDD9,ITGB8,ZNF423,PCDH10,INTU,NTNG1,ZNF804B,CTSL,PYCR1,Mafb,Cx3cr1,Dusp4,Zfp533,CNTN1,Tmem106a,Rgs6,SLC27A4,PIK3C2A,RPS4X,XRCC5,DHX29,INO80C,UBR5,COL22A1,VCP,MICALL2,ATG13,UPF1
Rank 27,METTL7A,Acaca,RGS1,,PIAS4,PDZD11,PLXNB1,PREX2,CHORDC1,ASCC2,DNAJB2,CAMK4,PRCP,ATP5L,Egr1,Cd48,Uchl5,Csmd1,CTNNA2,Tap1,Col8a2,FKBP5,RABGAP1,PSMC6,TAF2,CTBP1,UFM1,EIF1AX,COMT,CCT5,STARD7,CD93,TUBB
Rank 28,CD74,Ccl4,IFITM2,,ZC3H7B,CES4A,MT1E,BRINP2,NACA2,LDB3,TPPP,LHFP,GLB1,ATPIF1,Bhlhe41,Cd86,Nppc,Hba-a2,STXBP1,Gpnmb,Kcnip4,C17orf42,STK4,SSRP1,SCRIB,RNMT,TSC2,MED23,COX5B,CCT7,KCNN3,HSF2BP,RPS3A
Rank 29,HP1BP3,Ctnna3,GADD45B,,C11orf68,MRPL36,CSRP1,FRMD4A,AUP1,GRM7,LINC00486,ANKRD55,ACP2,C1QBP,Fcgr1a,Tlr12,Rpl34,A430110N23Rik,ATP1A3,Igf1,Npr3,RASSF2,SQSTM1,NUDT4,SP140L,MRGBP,GABARAP,OSGEP,DNAJB12,RPLP0,NRG1,IPPK,DDX17
Rank 30,BLNK,Ctsz,MAP3K8,,CLUH,AKR1E2,ITGB4,PIP4K2A,RHOBTB3,TARBP1,SYN1,NSF,PTTG1IP,PRDX5,Hpgds,Emr1,Arl11,Agt,AP2A1,Tagln2,Adra1d,FNBP1,TFCP2,WDR43,NCAPH2,USP48,MAP1LC3B,NAA15,PRKAR2A,HNRNPA1,HTRA2,TMEM39B,RPS16
Rank 31,SLC4A7,Ctsl,NAMPT,,CHD5,NCBP2-AS2,MT2A,SLCO1C1,OLIG1,GREB1L,MT-ND2,HTR2C,TPP1,UQCRH,Ctsd,Gpr183,Pafah1b3,FuK,SYNGAP1,Psmb8,Upp2,UFM1,RASSF5,FKSG61,DOHH,PDS5A,GCN1,MED19,RER1,PDIA3,ARIH2,MAP3K12,SYNCRIP
Rank 32,CYTL1,Arhgap24,PSTPIP2,,CDK16,ZNF593,TMBIM6,GRIA2,ATF4,CCDC102B,MYRF,GRM7,RNF13,OXCT1,Hspa1a,Csf1r,Npnt,Ccdc135,NSF,Lgals3bp,Nrxn3,GAN,UBE1DC1,MROH8,ADAT3,UBE3D,UFL1,DPAGT1,RPLP1,PRDX1,PEMT,SUPT3H,HNRNPK
Rank 33,GLDN,H2-D1,HIST2H2BF,,DPP7,BEX5,GPRC5B,,FKBP4,GALNT15,INF2,TSPAN7,ABCB6,ALDH9A1,Lag3,Gpr77,Clec7a,Agxt2l1,ACTN1,A2m,Grm8,BIRC2,ATG16L1,TRAIP,DHX29,DIDO1,WDR45,AFG3L2,TMEM109,XRCC5,SLMO1,PEX3,RPS2
Rank 34,IRF8,Axl,VSNL1,,PSD,COL9A3,GJA1,,MIEN1,DPH7,CLK1,GRID2,PLD3,ATP5H,Csf1r,Fcgr4,Taf15,Nipa1,AP2B1,Glipr1,F5,UVRAG,RAB3GAP2,UBE3D,TAF10,CSNK2A1,ENO1,MBNL1,TMEM97,CCT6A,NBPF3,SLC37A4,HNRNPM
Rank 35,DDX3Y,Gcnt2,PARP14,,ACAP3,PHLDB2,GRAMD3,,PTCH1,MYO15B,DHCR24,RAB2A,CLCN7,TRAP1,Adamts1,Fcrl1,Cbln2,Acta2,ACTN2,Ms4a6c,Cacna2d3,STX12,CLINT1,HNRNPH3,MARS1,UBAP2L,GDI2,ASH2L,UGP2,HNRNPH1,MRGPRE,CA7,XRCC6
Rank 36,TBC1D4,Serpine2,PTPN2,,FAM131B,CHCHD5,DDX17,,TRIM8,SEC14L5,MAP3K11,ROBO1,TMEM192,TOMM5,F11r,Ptafr,Rnaseh2c,Slc13a4,ATP1A2,Ddx58,Hs6st3,SH3GLB1,GBAS,LARP1,SRPRA,FAM60A,PGK1,RPTOR,YIF1A,HSPA4,UBL4B,ADAMTS7,RPS6
Rank 37,TREM2,Gm26917,CD163,,PPFIA3,ITM2A,CPE,,HEY2,ATG14,STAT1,LRP1B,MAN2B1,ECH1,Golm1,Selplg,Acyp1,B230206H07Rik,CYFIP2,Lilrb4,Aqp1,PEO1,RANBP5,DDA1,XRCC6,CCDC71L,GTF3A,TRMT5,JAGN1,NPM1,NMUR1,LMCD1,HNRNPUL1
Rank 38,TLR4,St8sia6,SLC7A5,,CELSR3,CHAC2,,,VWA1,DYNC2LI1,ANLN,APOE,PLBD2,COX6C,Nuak1,Fcgr2b,Snrpf,Lbp,IMMT,Fbxo39,Slc10a4,ALS2CR2,GYS1,DCAF1,APEX2,ATXN7L3,GNB2L1,MCTS1,MT-ATP6,TPI1,RNF31,ACIN1,RPLP0
Rank 39,GLIPR1,Lyst,ALDOA,,SRSF6,DMKN,,,SOX10,CHN1,CSRP1,KCTD8,RNASET2,USMG5,Crybb1,Tlr7,Cd48,Clic6,MAP2,Tubb6,Fgf14,KIAA1012,STK3,TSEN34,TSKS,CEP350,VPS33A,DNAJC3,TMEM41A,YWHAZ,DTWD2,CAPS,RPL26
Rank 40,HLA-DRB1,Nrp1,SLC25A37,,IRS1,SPDYE3,,,CDKN1B,CES4A,SSBP1,NXPH2,TCIRG1,TOMM22,Ltc4s,Siglech,A930001M12Rik,Dnajc1,SEPT11,Lcn2,C630007B19Rik,UFC1,NIPSNAP1,TTC27,SYT6,FANCD2,WDR5,ERCC2,,AIFM1,LOC150577,MBD5,RPL8
Rank 41,SFMBT2,Adarb1,ANK2,,MGAT3,MED11,,,PPA1,TP53TG5,AMER2,THSD7A,GLA,CISD1,Sgce,P2ry6,Rps12,9330155M09Rik,ACTB,Irgm,Ryr2,VPS18,SF3A1,DNAJC24,CKAP4,HCFC1,VPS16,GTF2H3,,GSTP1,C1ORF102,DPF3,RPS4X
Rank 42,P2RX7,Fgf13,HRH2,,CPEB2,DUS3L,,,CA2,KCTD7,MT-CO3,DOCK4,DPP7,ATP5C1,Pla2g15,Ecscr,Ly9,Kirrel2,ATP1A1,Parp9,Hapln4,PRKAA2,NBR1,OR7A5,WDR75,OGT,PIK3C3,AIFM1,,PFN1,C21orf45,FAM131B,ZC3HAV1
Rank 43,CEBPA,Plaur,WARS,,KIFC2,COA4,,,LAMP1,TESK2,YPEL3,CRH,ASAH1,ATP5E,Ccl3l1,Cmtm7,Neurod1,U69888,PCLO,Apobec1,Kcns3,ATG16L1,HADHB,OTUD5,A1CF,CAB39,AP4B1,TFRC,,AHCY,SAE1,FANCC,RPS27A
Rank 44,TMEM119,Myo5a,TBC1D14,,TSC22D3,SPAG8,,,ANLN,DPF3,OLIG1,ANKS1B,OSTM1,ATP5O,Abhd12,Il10ra,Ptprk,Trip6,SEPT7,Slc43a3,Wwox,WDR45,GABARAP,DDX39B,SRP9,PCGF1,XRN1,ELF2,,ANXA11,NPEPPS,NUP93,HNRNPD
Rank 45,CD81,Trem2,ATP5E,,FLRT2,WDR54,,,RRBP1,CARNS1,LGI3,LHFPL3,DRAM2,ACAT1,Ang,Clec4b1,Dcdc2a,Rad9b,HSPA8,Sfrp5,Kcnh7,TBC1D15,MAP1LC3A,RPS2,CAPRIN1,NF2,CNOT4,ARPC3,,BAG2,ELMOD1,KRT73,PCBP2
Rank 46,DIP2A,Ifi204,SPATA6,,GNA11,NKPD1,,,SPP1,ITGA2,PLXNB1,KHDRBS2,NAGA,SLC25A6,Ophn1,C3ar1,D0H4S114,Tcba1,DNM3,Emp1,Slit3,PIK4CB,HADHA,RPS18,RACK1,MPHOSPH8,PGP,UXT,,CFL1,RAC2,TXLNA,DDX1
Rank 47,VASH1,Slc25a25,LGALS1,,BCAR1,NGFRAP1,,,FBXO44,TRAPPC13,RPL37A,RAB3A,AGA,MGST3,Sparc,Itgam,Mkx,Traip,NCKAP1,Ms4a7,Col19a1,NSMAF,TMEM160,CDC7,EIF1,INTS6L,G3BP2,LAMTOR3,,CSE1L,FAM20B,NR2C2,BAT2D1
Rank 48,ADAMTSL2,Tmem163,,,CLCN7,TMEM223,,,XPO5,CCDC82,RAPGEF3,FSTL5,TM7SF3,CHCHD3,Pros1,Tnfrsf17,Bdnf,Mcam,TUBB2A,Serping1,Arc,COX15,ANKFY1,CELF1,UCHL5,WAPL,TAF4,NR2C2AP,,MDH2,ZBED3,PNPO,RPL7
Rank 49,DOCK4,H2-K1,,,SUN2,GCSH,,,REST,SLC13A3,HIF3A,INPP4B,SCPEP1,ETFB,P2ry6,Lilra5,Npy,Wnk4,TUBB2B,Parp14,Gpc5,KIAA0404,ATG5,CSNK1A1,BTAF1,FBXL12,R3HCC1L,NFE2L2,,PA2G4,IL28B,YIPF1,DHX36
Rank 50,,Ccl3,,,RFNG,RDH11,,,CD63,GRIK4,RTF1,PDE5A,TMEM59,ATP5F1,Ccr5,Slc7a7,Lsm11,Gpr139,TUBB2C,Capg,Tmem28,PRKAG1,BRWD2,SPDYE1,SBDS,STAG2,DNAJC2,TOX4,,PPIA,DPCR1,KRT6A,CSDA
Rank 51,,Olfr110,,,ZNF91,TCEAL5,,,RASGEF1B,PTPDC1,FAM157C,CDH2,NPC1,IMMT,Lair1,Tmem173,1810022K09Rik,Pcdhb6,CKAP5,Timp1,Hdh,C14orf80,RB1CC1,REXO1L1P,DPP7,CCZ1B,EFTUD1,ELP6,,EEF1A1,UGCG,ALPK1,PABPC4
Rank 52,,B2m,,,SSBP4,IDH2,,,HP1BP3,CIRBP,MPHOSPH8,FAM171B,SLC38A7,PPIF,Il1a,Ptprc,Tmed2,Baiap3,CKMT1B,Csf2rb2,Otud7,CAB39L,LLGL1,ZNF254,TRMT112,,SMG1,KMT2A,,HNRNPAB,VPS11,MSTN,RPL13
Rank 53,,Bcl2a1b,,,FBXL3,TCTEX1D1,,,TLE4,GPI,HEPACAM,OXR1,RNF167,COX5A,Epb41l2,Havcr2,Mical2,Gdf10,ERC2,Eif2ak2,Myl4,MAP1A,PRKCI,BAZ1A,SLC39A1,,ZNF217,FAM210A,,MATR3,HSPA1L,SLC1A3,SFPQ
Rank 54,,Plekhm2,,,CERS5,PCP4,,,LINGO1,PPP1R12B,CLDND1,UBA6-AS1,SPNS1,SDHA,Adora3,Cd52,Gm1673,Akp2,HADHA,Bcl3,Fbxw8,ARNT,SAFB2,MED1,MAD2L1,,CMIP,MED24,,NME1-NME2,HPS4,SMURF1,IGF2BP3
Rank 55,,Mamdc2,,,STK11,TUBB2A,,,CERS2,EVA1C,PIDD1,ZNF804A,LIPA,CS,Rilpl1,Cysltr1,Jun,Wdr78,AP2A2,C5r1,A930001M12Rik,RBM26,ATG3,NLGN4X,ZCCHC14,,METTL14,THOC1,,PCBP1,C10orf129,NEFM,EIF4G1
Rank 56,,Tyrobp,,,USF2,ABRACL,,,TMBIM6,SLC5A11,CERCAM,ASIC2,GLMP,ATP5J,Pmepa1,Tgfbr1,Acaa1a,Frmd5,DLG4,Emp3,Cntnap2,NEK7,CLTA,FRG1BP,CNOT10,,PA2G4,LAMTOR2,,PDIA6,LRRC46,PEX13,NPM1
Rank 57,,Rftn1,,,WSCD2,MRPS16,,,VEZF1,AGPAT4,RAP1GAP,TTC14,SIAE,MRPL12,Ccl13,Cmklr1,Osbpl3,Tmem16b,GLUD1,Lgals3,Kcnj3,STX8,PRKAR1A,POP1,ABCE1,,DR1,GTF2H5,,PGAM1,RHOU,SNRPF,RPL4
Rank 58,,Tpd52,,,RABL6,ACYP1,,,RPS2,SRGAP3,PIGU,NEGR1,GAA,ECI1,Pde3b,Slco2b1,Rspo3,Mal,SEPT5,Slfn2,Rims1,PIK3CG,KEAP1,COP1,RAB13,,GABARAPL2,IKBKAP,,RPL11,SELI,LSM4,HNRNPH1
Rank 59,,Cpeb2,,,GIGYF1,SNRNP25,,,COMMD6,SEMA3B,CABP1,SYNPR,ARSB,VDAC3,Scamp5,Cd68,Gm694,Alg14,SEPT9,Cd52,Ptprn2,PI4KII,GABARAPL2,TPT1,LAGE3,,TRA2B,RBM14-RBM4,,RPLP2,HUWE1,CRNKL1,TOP1
Rank 60,,Xylt1,,,SPTB,DDRGK1,,,DEK,ELOVL6,PLP1,PRPS1,SLC17A5,COX17,Ppp1r9a,Clec7a,Atox1,Efs,SHANK3,Epsti1,Ica1,FRAP1,USP11,PLK1,KIFC2,,PHF23,NDOR1,,TXN,CDKL2,LARP1B,LARP4
Rank 61,,Plekha1,,,C5orf30,BOLA1,,,CGGBP1,GARNL3,GAK,RP11-116O11.1,SLC38A9,UQCR10,Tjp1,Clec5a,1110001J03Rik,Susd4,AHNAK,Ifitm3,Kcnj6,STK3,PIK3R4,FAM205A,TRMT6,,TBC1D7,UBIAD1,,UBC,NQO3A2,CD163L1,RPS25
Rank 62,,Crlf2,,,KCNK12,ENDOG,,,SVIP,PALM2,FKBP4,KCNH7,,GSR,Ak1,Tnfrsf1b,Col11a1,mKIAA0054,ALDOA,D11Lgp2e,Trhde,DZIP3,RCN2,AC093157.1,RPL38,,PCBP2,PPP1R2,,EZR,SH3GLB1,FGFBP1,RPL18
Rank 63,,Asb10,,,GOLGA7B,AC004381.6,,,RPLP1,ZKSCAN1,MUM1,CALB2,,DLD,B4galt4,Cd22,Sult2b1,Lrp1b,CAMK2A,Iigp2,Grin2a,PTOV1,CUL3,PCDHB16,FAM214B,,AP4E1,DCAF7,,HNRNPF,PLAGL2,PPY,RPS11
Rank 64,,Vps13c,,,IL34,PLA2G4A,,,PTMA,PDE8A,ZIM2,KDM5D,,UQCRC2,Gtf2h2,Cd33,Tmem145,C030018G13Rik,NFASC,Trim21,Ccbe1,TBC1D7,FKBP4,PSAPL1,EIF5B,,TBK1,CRLS1,,NACA,HNMT,ANXA5,RPS14
Rank 65,,Cd68,,,CSNK1G2,SFXN4,,,CPQ,PIK3C2B,ZFP64,RPS4Y1,,ATP5I,Trem2,Tmem37,Rpl39,Plekhn1,TUBB4,Ifi35,Nlgn1,C18orf8,PDCD6IP,HSBP1L1,DDX3X,,RBM10,AP2M1,,PRDX2,PSMB7,MRPS10,STK38
Rank 66,,Ch25h,,,LRP3,IFIT3,,,NKX6-2,DAPK2,APOD,NPAS3,,GLUD1,Ckb,Lair1,Cd84,Cd74,ANXA6,Ela1,Opcml,C7orf28A,CLTC,NPIPA8,UBA3,,RAB43,ZNRF3,,PSMA6,LEPROT,MRPS2,HSPD1
Rank 67,,Dgkz,,,SYN1,BEX2,,,SEPT8,KCNH8,PREX1,RIMS1,,UQCRQ,Acp2,Cxcl16,Lgals1,Scube3,SPTBN4,Vim,C630028F04Rik,MAP4,PTPLAD1,UNG,HR,,ATXN10,SMARCE1,,RPS13,SNIP1,HAPLN1,MATR3
Rank 68,,Kcnj2,,,RP11-618P17.4,GADD45A,,,IRF2BP2,SH3TC2,ST6GALNAC6,MAGI3,,CCDC58,Pon3,Entpd1,Dnajb6,9030617O03Rik,SYN1,C3ar1,Tnfrsf25,MON1B,,NASP,RHBDD3,,NOLC1,CHORDC1,,TUBB,,SFRP4,YTHDC2
Rank 69,,C030034L19Rik,,,FBRSL1,SLC25A45,,,RDX,RAB11FIP4,TFEB,XACT,,UQCRC1,Agmo,Clec4a3,Rps27l,Hist1h2be,TUBA1A,Cxcr4,Alas2,BANP,,PNISR,PRCC,,LMO4,PPP1CA,,ACTC1,,GDF5,NONO
Rank 70,,Apobec1,,,ARFGAP1,TMEM208,,,HTRA1,SNX29,LAMP2,TTTY10,,NDUFA4,Tnfrsf17,Tlr1,Immp1l,Plag1,TUBA1B,Cd274,Emx1,STX7,,CKLF,NEDD8,,NRBF2,ACTR3,,EIF5A,,STAT2,ELAVL1
Rank 71,,Fnip2,,,CARM1,CLDN16,,,CLDND1,LDLRAD4,ZBTB7A,CTD-2260A17.2,,PDHB,Fscn1,Cd74,Ltc4s,Atxn1,DCTN1,Bcl2a1b,Klf10,VTI1B,,CCNC,POLR1D,,TADA2A,MMGT1,,FKBP4,,GPR81,KHSRP
Rank 72,,,,,ST6GALNAC6,COX4I1,,,C16orf13,,PABPN1,KCNT2,,TIMM9,St3gal6,Siglec5,Cox7c,Xkr6,DPYSL2,Cst7,Grm7,SMCR8,,JUN,LLPH,,PRRC2A,CPD,,MAT2A,,NDUFB9,TUBA1B
Rank 73,,,,,GTF3C1,DNAJC30,,,RAD21,,MT-ND1,PDE4B,,HADH,Adap2,Lgals9,Atp5k,1700029J07Rik,HSP90AA1,Ifi47,Lsamp,ABHD10,,CENPI,POLR1B,,BRD7,UVRAG,,MYL12B,,PHYHIP,MAP1B
Rank 74,,,,,CIC,NPDC1,,,AARS,,DHFR,LINGO2,,ACADVL,Ccl4,Ifngr1,Ptn,Lrrc6,MAP1A,Cd109,Mapk11,CEP78,,GPR137C,KRTAP4-8,,DRG1,DENR,,P4HB,,FANCF,DCD
Rank 75,,,,,MAP2K2,MRPL51,,,TMED10,,FBXO44,CTB-107G13.1,,GRPEL1,Entpd1,Il6ra,Tuba1a,Fgf11,TUBB3,Ly9,Astn2,DIP2B,,CNNM3,STUB1,,G2E3,MMS19,,PSMA5,,BMP2KL,HNRNPAB
Rank 76,,,,,TNFRSF25,POP7,,,ERBB2IP,,RELA,PPP3CA,,UQCRB,Tmem86a,Tlr4,Arhgap15,Pipox,ATP5A1,Ifih1,Smyd3,RASSF4,,,KIF23,,ATG10,FBXW7,,RPS25,,C5,IGF2BP2
Rank 77,,,,,ZDHHC8,SDHAF3,,,RPL35,,TMPRSS5,GABRB2,,AIFM1,Kctd12,Cd79b,Vip,Npr2,CIT,Dtx3l,Tssc1,TANK,,,DNM2,,TPT1,MED16,,ACTBL2,,BOC,FAM120A
Rank 78,,,,,PER1,TAF9B,,,TSC22D4,,SLC38A2,NRXN1,,PGAM5,Dst,Tmem8c,Adcyap1,Tshz2,CTNNB1,Slfn5,Trpc3,MLF2,,,PSMB5,,YAE1D1,MAPKAP1,,ACTG1,,PI4K2A,G3BP1
Rank 79,,,,,SLC17A7,NPM3,,,PCBP1,,TAZ,STK32B,,C21orf33,Tlr4,Upk1b,Tipin,Dok3,DNM2,S100a6,A130090K04Rik,LDOC1L,,,PCTP,,SMG6,ARPC4,,TUBA1C,,RFWD3,CAPRIN1
Rank 80,,,,,SH3GL1,SPDYE5,,,JTB,,RHPN1,NDUFA8,,SFXN1,Ctsl2,Pilra,Tmem16d,Hist1h1c,GAPDH,Pqlc3,Odz1,MAP3K5,,,PSMA1,,UBE2H,MED1,,TUBB2C,,CHST3,ILF2
Rank 81,,,,,LIN7C,LGALS1,,,WBP2,,TFAP2E,FRMPD4,,ACADM,Abcc3,Clec4a2,Mpeg1,Slc10a4,IQSEC2,Cd22,Wnt9a,ENPP1,,,MRPL54,,INIP,TIMM17A,,,,C14orf104,HSPH1
Rank 82,,,,,EFNB3,BEX1,,,ZBTB44,,CTIF,ANKRD36,,PPA2,Pdgfb,Itgb5,Rps15a,6430571L13Rik,TLN2,Tnc,Vamp1,PRKAA1,,,DHPS,,ATG12,DPF2,,,,P2RX5,HNRNPUL2
Rank 83,,,,,BTBD2,FUCA2,,,CSRP1,,WDR60,ERBB4,,HADHA,Pald1,Ccrl2,Stac2,Darc,TUBA4A,Tnfaip2,Irxl1,NCOA7,,,VIRMA,,PKM,TMED10,,,,TMEM203,SSB
Rank 84,,,,,SHC2,ERP29,,,SUN2,,RP3-406A7.7,RP11-983G14.1,,ACAA2,Tubgcp5,Tlr6,Dbi,Gpsm1,AP1B1,Cd48,Nrxn1,STIM2,,,TSEN54,,TGFBR2,TIAL1,,,,GABRA5,DIMT1L
Rank 85,,,,,CELF5,HMGN4,,,CAMK2D,,RPL35,CNTNAP2,,MT-CO2,Rapgef5,Tnfrsf13b,ramp,Htr1d,BAIAP2,Mmp2,Plcb1,SNAPC4,,,OSGEP,,USP34,VMP1,,,,MEX3C,HNRNPA3
Rank 86,,,,,FZR1,MRPL24,,,RPL5,,SOX10,NLGN1,,PDHA1,Stab1,Slc16a3,Cstb,Nudt16,CYFIP1,Trim14,Ttr,KIAA0831,,,SOX14,,MAP1LC3B2,ELAC2,,,,PRKG1,PTBP1
Rank 87,,,,,UNKL,SOD1,,,CCP110,,STIP1,MEG3,,COX7A2,Lacc1,Gpr160,Chuk,Hist1h1e,DLG2,5430435G22Rik,Adcy1,C13orf18,,,PTPMT1,,STK11,YY1,,,,PRKD2,RPL3
Rank 88,,,,,FBXL14,DUOX1,,,MAP4K5,,TEF,,,TSFM,Tmc7,Tlr13,Rps20,Epb4.1,DST,Psmb9,Ecel1,OPRS1,,,UBE2I,,TRAPPC2L,AFF4,,,,SLC1A4,RPS19
Rank 89,,,,,PRRC2C,SCNM1,,,SEPP1,,ADAMTS17,,,ACO2,Nrip1,Cmtm6,Acsl5,Nrxn1,GNAO1,Tlr2,Phospho1,RIF1,,,TAF6,,FUBP1,INTS6,,,,C8orf59,RPL5
Rank 90,,,,,TOPORS,COA3,,,GSTP1,,WASH1,,,ALDH7A1,Kcnd1,Ifitm6,Atp6v0c,C030030A07Rik,GRIA2,Dnase1l1,Slit2,WDR22,,,MXD4,,ATG16L1,ELP2,,,,OBSCN,MSI1
Rank 91,,,,,LETM1,POP5,,,PHF3,,TXNIP,,,TIMM10,Tmem206,Icam4,Psme2,Shkbp1,HSP90AB1,Atf3,St6galnac3,KIAA0329,,,GINS2,,ZNF598,FERMT2,,,,CSPG5,RPL10
Rank 92,,,,,CPSF3L,ATPIF1,,,GPRC5B,,ANKZF1,,,COX6B1,Hps4,C5ar1,Cd44,Syt10,SEPT6,Fcgr2b,Kcnq5,KBTBD7,,,NCL,,SPEN,CHD8,,,,STOM,C22orf28
Rank 93,,,,,KIFC3,TRAPPC1,,,LIFR,,ARRDC2,,,TFAM,Dagla,Icam1,Hexb,Abcc4,FLOT1,Edg3,Ptprt,MTA2,,,PSMA3,,HEATR3,POLR3H,,,,SERPINB10,SFN
Rank 94,,,,,GRIK5,IFT22,,,QDPR,,RANGAP1,,,CYC1,Extl3,Cd101,Stmn4,Gm1337,FMNL2,Lgals9,Nrn1,ERC1,,,HRC,,ATG4B,EIF4E2,,,,STK32A,STAU1
Rank 95,,,,,CAMK2B,TRMT10B,,,CEP97,,CNP,,,LONP1,Mlph,Tgfbr2,Mtmr11,Peli1,NEFH,Arpc1b,4933439F18Rik,MTM1,,,GSPT1,,SOX11,ZBTB7A,,,,DKKL1,LARP4B
Rank 96,,,,,ABHD13,ATP6V1F,,,FAM200B,,MKNK2,,,HADHB,Tlr7,Csf3r,Kcnk12,Selplg,PKM2,Isgf3g,Dgkb,SNAP23,,,RPS6,,KEAP1,ZPR1,,,,FLJ25363,RPS20
Rank 97,,,,,LMTK3,CYB5R1,,,LARP7,,TTYH2,,,TOMM70A,Arhgap22,,Gsn,Zbtb20,ATP6V1A,Bzrp,Prkag1,STX6,,,RPA3,,SMG7,PBDC1,,,,,RPL12
Rank 98,,,,,PIP5K1C,SCAND1,,,EEF1A1,,PLEKHB1,,,MTCH2,Cxxc5,,Bphl,Nrp1,EPB41L3,Grn,Unc5d,PRMT7,,,DHX9,,VPS18,EEF1G,,,,,RPL19
Rank 99,,,,,FASTK,EGR1,,,PNISR,,MT-ND4L,,,NDUFS6,P4ha1,,Bhlhb5,Hes5,GAP43,Cd84,Serpinb8,MAP3K15,,,NPAS4,,THRAP3,RPRD1B,,,,,DDX3X
Rank 100,,,,,TMCC2,WDYHV1,,,PRKD1,,PACS2,,,MTHFD2,Cysltr1,,Tlr13,4932418E24Rik,HSPD1,Ccnd1,Lsm11,FLJ20628,,,PSMB2,,WDR4,TRIM28,,,,,SFRS7
